name,url,img,desc
Rakuten  MINI  クールホワイト,https://item.fril.jp/deaffbc0106f28af4c49097e71e442ce,https://asset.fril.jp/assets/new_web/item_square_dummy-073371606399aacba3459bffff9f1412fdd6ede983e84c8ea8b71dde7f96214e.png,Rakuten  MINI  クールホワイト スマホ/家電/カメラのスマートフォン/携帯電話(スマートフォン本体)の商品詳細ページへのリンク
docomo AQUOS SH-02E レッド,https://item.fril.jp/99c3cba85585bebceef1b1a73f7d16c7,https://asset.fril.jp/assets/new_web/item_square_dummy-073371606399aacba3459bffff9f1412fdd6ede983e84c8ea8b71dde7f96214e.png,docomo AQUOS SH-02E レッド シャープ(SHARP)のスマホ/家電/カメラのスマートフォン/携帯電話(スマートフォン本体)の商品詳細ページへのリンク
383 ジャンク SoftBank AQUOS Zero 801SH,https://item.fril.jp/84de706bffa69bc8ac7100d1b1706d09,https://asset.fril.jp/assets/new_web/item_square_dummy-073371606399aacba3459bffff9f1412fdd6ede983e84c8ea8b71dde7f96214e.png,383 ジャンク SoftBank AQUOS Zero 801SH  スマホ/家電/カメラのスマートフォン/携帯電話(スマートフォン本体)の商品詳細ページへのリンク
【新品未使用】galaxy A7 (楽天モバイル),https://item.fril.jp/8486241c3ad53c50135f01219df8bd85,https://asset.fril.jp/assets/new_web/item_square_dummy-073371606399aacba3459bffff9f1412fdd6ede983e84c8ea8b71dde7f96214e.png,【新品未使用】galaxy A7 (楽天モバイル) ギャラクシー(Galaxy)のスマホ/家電/カメラのスマートフォン/携帯電話(スマートフォン本体)の商品詳細ページへのリンク
HUAWEI nova lite 3 オーロラブルー 新品未開封品,https://item.fril.jp/b0d34433d2f1becb6e646bd320a857e9,https://asset.fril.jp/assets/new_web/item_square_dummy-073371606399aacba3459bffff9f1412fdd6ede983e84c8ea8b71dde7f96214e.png,HUAWEI nova lite 3 オーロラブルー 新品未開封品 スマホ/家電/カメラのスマートフォン/携帯電話(スマートフォン本体)の商品詳細ページへのリンク
美品 SIMフリー iPhone8 256GB 036 シルバー 電池良好,https://item.fril.jp/ccf7e53077cb9d56f266a3cef1009513,https://asset.fril.jp/assets/new_web/item_square_dummy-073371606399aacba3459bffff9f1412fdd6ede983e84c8ea8b71dde7f96214e.png,美品 SIMフリー iPhone8 256GB 036 シルバー 電池良好 アップル(Apple)のスマホ/家電/カメラのスマートフォン/携帯電話(スマートフォン本体)の商品詳細ページへのリンク
docomo SO-02G SIMロック解除済,https://item.fril.jp/1d2023c781155a889325964dfa5b1508,https://asset.fril.jp/assets/new_web/item_square_dummy-073371606399aacba3459bffff9f1412fdd6ede983e84c8ea8b71dde7f96214e.png,docomo SO-02G SIMロック解除済 スマホ/家電/カメラのスマートフォン/携帯電話(スマートフォン本体)の商品詳細ページへのリンク
iPhone 8 64GB スペースグレー SIMロック解除済み,https://item.fril.jp/89b62c29cb7772f43db9646671e5cd56,https://asset.fril.jp/assets/new_web/item_square_dummy-073371606399aacba3459bffff9f1412fdd6ede983e84c8ea8b71dde7f96214e.png,iPhone 8 64GB スペースグレー SIMロック解除済み アイフォーン(iPhone)のスマホ/家電/カメラのスマートフォン/携帯電話(スマートフォン本体)の商品詳細ページへのリンク
在庫4【SIMフリー/新品未使用】iPhone XR 64GB/レッド/判定○,https://item.fril.jp/2015eec528218d393a3f43657122c117,https://asset.fril.jp/assets/new_web/item_square_dummy-073371606399aacba3459bffff9f1412fdd6ede983e84c8ea8b71dde7f96214e.png,在庫4【SIMフリー/新品未使用】iPhone XR 64GB/レッド/判定○ アップル(Apple)のスマホ/家電/カメラのスマートフォン/携帯電話(スマートフォン本体)の商品詳細ページへのリンク
スマートフォン,https://item.fril.jp/a48ad5461831951c1609ccf89895ba8e,https://asset.fril.jp/assets/new_web/item_square_dummy-073371606399aacba3459bffff9f1412fdd6ede983e84c8ea8b71dde7f96214e.png,スマートフォン スマホ/家電/カメラのスマートフォン/携帯電話(スマートフォン本体)の商品詳細ページへのリンク
【新品未開封】富士通　arrows M05 ホワイト【送料無料】,https://item.fril.jp/639963a44b4f66aafadd0957d3cf96dd,https://asset.fril.jp/assets/new_web/item_square_dummy-073371606399aacba3459bffff9f1412fdd6ede983e84c8ea8b71dde7f96214e.png,【新品未開封】富士通　arrows M05 ホワイト【送料無料】 フジツウ(富士通)のスマホ/家電/カメラのスマートフォン/携帯電話(スマートフォン本体)の商品詳細ページへのリンク
新品同様　iPhone11 Pro 64gb  グレー　simフリー,https://item.fril.jp/a94121216a3da7a5f73342a1593f625f,https://asset.fril.jp/assets/new_web/item_square_dummy-073371606399aacba3459bffff9f1412fdd6ede983e84c8ea8b71dde7f96214e.png,新品同様　iPhone11 Pro 64gb  グレー　simフリー アップル(Apple)のスマホ/家電/カメラのスマートフォン/携帯電話(スマートフォン本体)の商品詳細ページへのリンク
382 ジャンク au AQUOS R3 SHV44,https://item.fril.jp/e8b913c7c69710ada1b0faa002cb60e7,https://asset.fril.jp/assets/new_web/item_square_dummy-073371606399aacba3459bffff9f1412fdd6ede983e84c8ea8b71dde7f96214e.png,382 ジャンク au AQUOS R3 SHV44 スマホ/家電/カメラのスマートフォン/携帯電話(スマートフォン本体)の商品詳細ページへのリンク
【A】【かなり美品】iPhone 8 Gold 256 GB SIMフリー　本体,https://item.fril.jp/ef1d94b09294ab17d84ee4275c5f088c,https://asset.fril.jp/assets/new_web/item_square_dummy-073371606399aacba3459bffff9f1412fdd6ede983e84c8ea8b71dde7f96214e.png,【A】【かなり美品】iPhone 8 Gold 256 GB SIMフリー　本体 アップル(Apple)のスマホ/家電/カメラのスマートフォン/携帯電話(スマートフォン本体)の商品詳細ページへのリンク
iPhone X 64 GB SIMフリー　Apple Care＋残,https://item.fril.jp/f83d1e63b0316b1f15492321e5bbc271,https://asset.fril.jp/assets/new_web/item_square_dummy-073371606399aacba3459bffff9f1412fdd6ede983e84c8ea8b71dde7f96214e.png,iPhone X 64 GB SIMフリー　Apple Care＋残 アップル(Apple)のスマホ/家電/カメラのスマートフォン/携帯電話(スマートフォン本体)の商品詳細ページへのリンク
Galaxy S8+ Silver 64 GB au,https://item.fril.jp/d3f0ad646449be1a219133c73d6dde9e,https://asset.fril.jp/assets/new_web/item_square_dummy-073371606399aacba3459bffff9f1412fdd6ede983e84c8ea8b71dde7f96214e.png,Galaxy S8+ Silver 64 GB au ギャラクシー(Galaxy)のスマホ/家電/カメラのスマートフォン/携帯電話(スマートフォン本体)の商品詳細ページへのリンク
381 ジャンク au AQUOS Sense2 SHV43,https://item.fril.jp/b598151ae207aab8adf488836f7dd9f5,https://asset.fril.jp/assets/new_web/item_square_dummy-073371606399aacba3459bffff9f1412fdd6ede983e84c8ea8b71dde7f96214e.png,381 ジャンク au AQUOS Sense2 SHV43 スマホ/家電/カメラのスマートフォン/携帯電話(スマートフォン本体)の商品詳細ページへのリンク
380 ジャンク au AQUOS Sense2 SHV43,https://item.fril.jp/2aff95b76ac8484242f68d2330da1148,https://asset.fril.jp/assets/new_web/item_square_dummy-073371606399aacba3459bffff9f1412fdd6ede983e84c8ea8b71dde7f96214e.png,380 ジャンク au AQUOS Sense2 SHV43 スマホ/家電/カメラのスマートフォン/携帯電話(スマートフォン本体)の商品詳細ページへのリンク
docomo AQUOS PHONE ZETA SH-06E レッド,https://item.fril.jp/2fb0c11b45b6d5cb3f4accceed85d894,https://asset.fril.jp/assets/new_web/item_square_dummy-073371606399aacba3459bffff9f1412fdd6ede983e84c8ea8b71dde7f96214e.png,docomo AQUOS PHONE ZETA SH-06E レッド シャープ(SHARP)のスマホ/家電/カメラのスマートフォン/携帯電話(スマートフォン本体)の商品詳細ページへのリンク
Galaxy　a7 Black 新品未使用,https://item.fril.jp/8da1aa898d105eba61abee150dfbaa57,https://asset.fril.jp/assets/new_web/item_square_dummy-073371606399aacba3459bffff9f1412fdd6ede983e84c8ea8b71dde7f96214e.png,Galaxy　a7 Black 新品未使用 ギャラクシー(Galaxy)のスマホ/家電/カメラのスマートフォン/携帯電話(スマートフォン本体)の商品詳細ページへのリンク
【包装】TCL 10 Pro エンバーグレー 新品未開封未使用,https://item.fril.jp/67a3a88b942b99f9c5a4e65f9597961a,https://asset.fril.jp/assets/new_web/item_square_dummy-073371606399aacba3459bffff9f1412fdd6ede983e84c8ea8b71dde7f96214e.png,【包装】TCL 10 Pro エンバーグレー 新品未開封未使用 スマホ/家電/カメラのスマートフォン/携帯電話(スマートフォン本体)の商品詳細ページへのリンク
【即日発送！】SIMフリー iPhone8 256GB ジャンク 0824,https://item.fril.jp/07a4397e40987ca808eb73ba2efd5d56,https://asset.fril.jp/assets/new_web/item_square_dummy-073371606399aacba3459bffff9f1412fdd6ede983e84c8ea8b71dde7f96214e.png,【即日発送！】SIMフリー iPhone8 256GB ジャンク 0824 アップル(Apple)のスマホ/家電/カメラのスマートフォン/携帯電話(スマートフォン本体)の商品詳細ページへのリンク
極美品motorora moto g8 64Gノイエブルー,https://item.fril.jp/933b9e9eba07868b6f507390cfda1431,https://asset.fril.jp/assets/new_web/item_square_dummy-073371606399aacba3459bffff9f1412fdd6ede983e84c8ea8b71dde7f96214e.png,極美品motorora moto g8 64Gノイエブルー スマホ/家電/カメラのスマートフォン/携帯電話(スマートフォン本体)の商品詳細ページへのリンク
【ケース付】HUAWEI P20 Lite クラインブルー Klein Blue,https://item.fril.jp/ba1d9d40e65058c2f892177104b0da1b,https://asset.fril.jp/assets/new_web/item_square_dummy-073371606399aacba3459bffff9f1412fdd6ede983e84c8ea8b71dde7f96214e.png,【ケース付】HUAWEI P20 Lite クラインブルー Klein Blue スマホ/家電/カメラのスマートフォン/携帯電話(スマートフォン本体)の商品詳細ページへのリンク
379 ジャンク do XPERIA XZ Premium SO-04J ロッソ,https://item.fril.jp/c0f9c050c66bea6cb2d307f61c6a9022,https://asset.fril.jp/assets/new_web/item_square_dummy-073371606399aacba3459bffff9f1412fdd6ede983e84c8ea8b71dde7f96214e.png,379 ジャンク do XPERIA XZ Premium SO-04J ロッソ スマホ/家電/カメラのスマートフォン/携帯電話(スマートフォン本体)の商品詳細ページへのリンク
Huawei P30 SIMフリー,https://item.fril.jp/b9ff1b9fcc319949cef7fb205e268246,https://asset.fril.jp/assets/new_web/item_square_dummy-073371606399aacba3459bffff9f1412fdd6ede983e84c8ea8b71dde7f96214e.png,Huawei P30 SIMフリー スマホ/家電/カメラのスマートフォン/携帯電話(スマートフォン本体)の商品詳細ページへのリンク
Google Pixel4 128GB Clearly White,https://item.fril.jp/835a9da1295b18775f472b70a1dc27ec,https://asset.fril.jp/assets/new_web/item_square_dummy-073371606399aacba3459bffff9f1412fdd6ede983e84c8ea8b71dde7f96214e.png,Google Pixel4 128GB Clearly White アンドロイド(ANDROID)のスマホ/家電/カメラのスマートフォン/携帯電話(スマートフォン本体)の商品詳細ページへのリンク
docomo NEXT series P-04D パープル,https://item.fril.jp/4eaa4b8872ce0f899f93546f9b23c5e2,https://asset.fril.jp/assets/new_web/item_square_dummy-073371606399aacba3459bffff9f1412fdd6ede983e84c8ea8b71dde7f96214e.png,docomo NEXT series P-04D パープル パナソニック(Panasonic)のスマホ/家電/カメラのスマートフォン/携帯電話(スマートフォン本体)の商品詳細ページへのリンク
iPhone11 64GB レッド　au,https://item.fril.jp/65d83aaae1afed0f1eff8d3faf6d3849,https://asset.fril.jp/assets/new_web/item_square_dummy-073371606399aacba3459bffff9f1412fdd6ede983e84c8ea8b71dde7f96214e.png,iPhone11 64GB レッド　au アップル(Apple)のスマホ/家電/カメラのスマートフォン/携帯電話(スマートフォン本体)の商品詳細ページへのリンク
au TORQUE G04 KYV46 SIMフリー,https://item.fril.jp/0f411b0159f84298a4a755388e62e7af,https://asset.fril.jp/assets/new_web/item_square_dummy-073371606399aacba3459bffff9f1412fdd6ede983e84c8ea8b71dde7f96214e.png,au TORQUE G04 KYV46 SIMフリー キョウセラ(京セラ)のスマホ/家電/カメラのスマートフォン/携帯電話(スマートフォン本体)の商品詳細ページへのリンク
GalaxyA7,https://item.fril.jp/5789d197d29a6eca306381e1dbc22904,https://asset.fril.jp/assets/new_web/item_square_dummy-073371606399aacba3459bffff9f1412fdd6ede983e84c8ea8b71dde7f96214e.png,GalaxyA7 ギャラクシー(Galaxy)のスマホ/家電/カメラのスマートフォン/携帯電話(スマートフォン本体)の商品詳細ページへのリンク
ELEPHONE A6mini 4GB RAM+64GB ROM SIMフリー,https://item.fril.jp/b6c01007ebacc6d5facb28f2cb929e47,https://asset.fril.jp/assets/new_web/item_square_dummy-073371606399aacba3459bffff9f1412fdd6ede983e84c8ea8b71dde7f96214e.png,ELEPHONE A6mini 4GB RAM+64GB ROM SIMフリー アンドロイド(ANDROID)のスマホ/家電/カメラのスマートフォン/携帯電話(スマートフォン本体)の商品詳細ページへのリンク
【B】【美品】iPhone 7 Gold 128 GB SIMフリー　本体,https://item.fril.jp/477de5ba4aaf52e282c672a391af443d,https://asset.fril.jp/assets/new_web/item_square_dummy-073371606399aacba3459bffff9f1412fdd6ede983e84c8ea8b71dde7f96214e.png,【B】【美品】iPhone 7 Gold 128 GB SIMフリー　本体 アップル(Apple)のスマホ/家電/カメラのスマートフォン/携帯電話(スマートフォン本体)の商品詳細ページへのリンク
完全新品未開封品　oppo AX7 ブルー　SIMフリー,https://item.fril.jp/50cc00feb275b3253dcd5c3aac35302a,https://asset.fril.jp/assets/new_web/item_square_dummy-073371606399aacba3459bffff9f1412fdd6ede983e84c8ea8b71dde7f96214e.png,完全新品未開封品　oppo AX7 ブルー　SIMフリー アンドロイド(ANDROID)のスマホ/家電/カメラのスマートフォン/携帯電話(スマートフォン本体)の商品詳細ページへのリンク
iPhone7 128GB au 画面綺麗　完動品,https://item.fril.jp/ba7c6f75e63b2fe1ef22113395a12e22,https://asset.fril.jp/assets/new_web/item_square_dummy-073371606399aacba3459bffff9f1412fdd6ede983e84c8ea8b71dde7f96214e.png,iPhone7 128GB au 画面綺麗　完動品 アイフォーン(iPhone)のスマホ/家電/カメラのスマートフォン/携帯電話(スマートフォン本体)の商品詳細ページへのリンク
iphone8 256GB シルバー SIMフリー ケース付き,https://item.fril.jp/6b725704de9481f1b1fc909f8106d83f,https://asset.fril.jp/assets/new_web/item_square_dummy-073371606399aacba3459bffff9f1412fdd6ede983e84c8ea8b71dde7f96214e.png,iphone8 256GB シルバー SIMフリー ケース付き アイフォーン(iPhone)のスマホ/家電/カメラのスマートフォン/携帯電話(スマートフォン本体)の商品詳細ページへのリンク
